{"xvg_myrgr": 2.4475493557177996, "dgb_myrgr": 2.0985079716174435, "dgb_skein": 1.9858571462528716, "bwk_nist5": 1.9304985717124246, "dgb_qubit": 2.131383149948095}